Biomass (mgC/m3),,,Picoplankton,Picoplankton,other,Flagellates,Dinoflagellates,other,other,other,Diatoms,Diatoms,Dinoflagellates,Flagellates,Flagellates,Ciliates
year,month,day,Synechococcus,Red fluorescing picoplankton,Haptophytes,Autotrophic flagellates,Autotrophic dinoflagellates,Cryptomonads,Prasinophytes,Phaeocystis,Pennate diatoms,Centric diatoms,Heterotrophic dinoflagellates,Heterotrophic flagellates,Choanoflagellates,Ciliates
1989,8,2,0.315,0.34,1.122,0,39.504,0.272,0.134,0,3.989,16.031,4.651,3.859,0.748,5.483
1989,8,14,20.333,19.757,4.176,0,0.441,9.439,0.476,0,2.068,1.021,1.896,1.731,1.403,72.141
1989,9,5,26.189,9.933,1.068,0,0.053,2.642,0.475,0,0,0.181,2.32,0.179,0.277,0
1989,9,20,30.802,7.227,1.147,0,0,7.98,0.422,1.661,6.244,56.917,0.602,5.135,0.384,0
1989,9,30,10.616,4.697,9.235,0,0.315,3.608,0.383,0,0.247,0.042,0.552,12.768,1.617,0
1989,10,12,52.317,12.539,0.86,0.916,6.855,5.438,0.078,0,10.192,0.859,1.083,0.411,0.428,0
1989,11,8,2.95,1.069,1.284,0,1.199,1.888,0,0,111.268,25.096,0.538,1.175,0.266,0
1989,11,29,15.514,7.524,1.324,0.03,1.07,9.115,0.364,0,2.802,0.841,1.317,0.318,0.27,0
1989,12,11,8.224,5.296,0.973,0.28,0.766,0.947,0.383,0,6.37,6.133,1.64,1.447,0.15,0
1989,12,22,23.068,10.12,3.024,0,1.383,9.275,0.632,0,3,0.728,0.936,1.229,0.685,0
1990,1,15,12.354,2.533,0.983,0,0.702,4.836,0.068,0,1.698,1.428,2.644,0.829,0.165,0
1990,1,22,2.239,1.055,0.921,0,1.625,3.564,0.683,0,0.185,0,1.636,0.481,0.065,0
1990,2,7,12.535,13.518,1.016,0.513,1.234,1.87,0.318,0,5.778,16.171,0.448,0.587,0.325,0
1990,2,22,14.547,10.882,2.146,0.342,7.318,7.336,1.049,0,1.557,0.994,9.048,1.29,0.45,0.881
1990,3,25,0.185,0.11,1.181,0,0.101,0.571,0.146,0.141,22.865,226.789,7.78,1.413,29.21,0
1990,4,18,125.289,13.199,1.794,0.073,0.501,11.844,0,0,2.016,2.49,0.894,0.328,0.834,1.362
1990,5,2,2.294,1.269,2.903,0.714,0.126,0.29,0.068,0,1.53,143.446,0.211,2.565,1.067,0
1990,5,16,2.381,0.922,1.859,0,0.285,1.306,0,0,8.225,9.65,0.797,1.674,2.235,0
1990,5,30,58.008,39.928,2.08,0,41.03,18.828,0.698,0,40.758,35.086,2.163,3.252,0,7.782
1990,6,14,2.352,6.679,3.268,0,24.406,5.472,2.229,1.104,11.086,4.708,12.418,9.738,2.688,0
1990,6,26,4.885,14.359,2.416,0.936,11.024,4.685,5.307,0,16.758,39.374,25.276,5.09,1.874,0.807
1990,7,11,0.116,0.026,3.42,0.104,8.143,0.573,0.365,19.571,11.38,58.31,33.164,2.475,1.937,10.662
1990,7,26,18.959,111.778,1.289,0,1.324,14.906,1.281,0,0.052,17.728,5.672,3.609,2.364,5.548
1990,8,9,75.083,0,0.228,0.123,0.408,0.025,0.588,1.822,6.511,689.585,7.457,0.251,0,1.802
1990,8,19,4.523,0.423,3.283,0.034,0.507,0.746,0.115,0,4.311,35.53,2.752,1.494,1.555,1.074
1990,9,5,0.596,0.036,0.155,0,2.557,0,0,0,42.457,0.371,14.607,0.489,0,0
1990,9,20,2.547,0.371,0.746,0.668,11.854,2.277,0,0.141,119.452,3.783,0.691,0.691,1.145,0.216
1990,10,3,0.334,0.153,0.173,0,16.663,0,0.363,0,1.531,0.041,3.079,0.253,1.281,7.107
1990,10,23,3.269,3.878,2.726,0.04,2.223,4.69,1.038,0,108.636,22.196,0.763,0.832,0.424,12.422
1990,11,14,3.311,5.607,0.88,0.095,0.685,1.482,0.103,0,20.586,16.498,0,0,0.316,2.98
1990,11,27,1.797,8.233,2.294,0.031,15.977,4.337,0.158,0,24.606,2.855,1.851,2.548,1.222,2.875
1990,12,12,8.797,3.135,1.215,0,0,1.337,0.053,0,0.326,0.509,0.241,0.486,0.083,0
1990,12,18,3.096,3.795,4.957,0,1.635,1.535,0,0,0.223,0,0.787,0.924,0.194,4.375
1991,1,23,2.029,6.8,3.119,2.668,4.792,2.148,0.1,0,5.568,23.929,29.191,0.658,0.235,32.808
1991,2,4,0.385,0.276,0.564,5.321,3.312,0,0.431,0.609,17.463,96.976,2.653,1.557,0.045,4.039
1991,2,19,0.88,0.337,1.084,0,1.592,0.385,0,0.032,0.23,6.507,0.894,0.698,0.143,0
1991,4,12,0.522,0.387,1.102,0,0.34,0.697,0,0.351,4.857,354.283,2.532,2.813,1.264,2.824
1991,4,25,12.212,5.987,0.992,0.214,0.962,3.944,0.151,0,4.749,17.349,6.281,1.737,0.93,2.759
1991,5,10,0.139,0.137,1.02,0.049,0.531,0.19,0.099,0,1.847,8.983,9.892,1.496,0.737,1.992
1991,5,20,0.072,0.245,5.249,0.117,0.306,0,0.045,5.367,9.755,78.47,0.827,4.74,1.462,1.38
1991,5,21,0.069,0.755,4.565,0,0.833,1.214,0.305,2.971,26.568,284.146,0.628,6.602,0.921,0
1991,5,22,0.073,3.145,5.264,1.414,1.135,0,0.592,4.575,11.426,364.68,1.506,5.968,0.972,0
1991,5,23,0.183,11.226,8.094,1.771,3.235,2.428,0.84,7.544,15.175,320.817,4.01,14.278,0.971,3.276
1991,5,24,0.146,7.951,6.559,0,0.46,0,0.219,18.621,49.82,597.989,35.78,2.492,4.949,2.748
1991,6,7,16.196,51.477,3.008,0,0,1.826,2.26,0,0.181,7.431,0.02,6.954,0.231,4.202
1991,6,20,6.558,7.636,0.926,0,0.42,9.996,0.363,0,5.297,14.222,0.764,1.875,0.856,19.272
1991,7,8,0.38,0.463,1.279,0.335,2.465,1.426,0.763,0.384,9.58,11.111,7.891,3.356,1,0.333
1991,7,19,4.706,1.819,3.633,0.683,15.005,5.601,0,68.144,223.365,594.978,24.182,1.58,14.762,6.177
1991,8,2,26.88,12.728,1.613,0.135,1.091,3.053,0,0,0,0.153,2.051,5.52,8.828,13.433
1991,8,15,5.492,2.106,1.456,0,3.662,0.904,0.443,6.585,12.236,38.166,0.985,1.082,0.22,2.3
1991,9,13,2.132,12.697,0.302,0,0.542,2.03,0,0,218.265,5.776,0.294,14.556,0.109,1.321
1991,10,16,20.022,3.872,2.146,0.218,12.708,7.258,0.116,0,0.169,0.414,1.086,1.192,0.084,25.369
1991,11,13,0.33,0.157,1.53,0,3.417,0.897,0,0.014,219.83,24.979,0.656,1.001,0.134,5.045
1991,12,18,4.814,4.384,0.95,0.337,7.476,2.755,0.353,0,9.431,21.418,8.319,4.138,0.261,20.985
1992,4,15,4.572,1.819,2.716,0.591,0.91,1.751,2.306,0,11.19,57.771,4.814,2.325,1.082,12.705
1992,4,30,3.687,1.481,12.035,27.271,33.296,8.955,8.872,0,17.382,52.85,9.92,6.775,0.865,9.188
1992,5,6,14.408,6.633,30.015,0.553,0.874,1.334,0.057,0.034,0.933,8.012,2.939,2.486,0.495,12.75
1992,6,11,5.01,2.623,4.704,0.159,5.552,1.539,0.149,0,18.091,94.925,2.17,2.559,0.29,0
1992,6,17,1.653,2.191,4.297,0,27.621,1.069,0.871,0.462,120.697,518.798,6.558,2.989,1.448,0
1992,7,1,2.406,10.058,3.822,0.381,0.843,0.155,0,0,0.829,0.346,1.356,0.858,0.132,2.632
1992,7,15,19.374,9.15,5.353,0.487,14.016,4.648,2.976,0,1.104,3.857,8.702,1.025,0.135,8.767
1992,8,5,11.865,1.532,4.27,0.579,12.567,2.293,1.14,1.487,68.739,234.121,10.433,3.652,2.982,11.781
1992,9,9,12.092,5.764,8.529,0.104,6.242,6.4,3.108,0.097,1.062,0.953,1.946,0.666,0.575,0.591
1992,10,15,10.102,14.629,2.74,3.203,0.727,1.48,0.096,0,1.616,7.173,0.381,0.695,0.325,14.408
1992,11,4,3.112,8.078,2.075,0.559,6.721,5.595,0.154,0,1.055,0.504,0.715,1.158,0.29,2.499
1992,11,17,5.046,2.908,2.456,0.133,4.568,1.084,0.21,0,3.349,25.262,11.77,4.203,0.349,7.939
1992,12,16,4.636,6.985,1.503,0,0.061,0.688,0.172,0,0.249,5.385,3.22,0.276,0.179,2.997
1993,1,13,9.737,2.814,0.825,0,2.254,1.552,0,0,0.095,0.049,1.513,0.862,0.428,1.473
1993,1,25,3.396,4.434,1.919,0,22.427,6.622,0.241,0,0.131,2.827,1.202,1.161,0.115,4.169
1993,2,10,1.976,11.724,1.841,0,1.891,2.001,0.03,0.034,1.87,10.73,0.755,1.41,0.748,7.636
1993,2,23,5.489,2.564,1.7,0,1.981,2.687,0.057,0.096,1.26,9.268,2.75,1.391,0.409,3.169
1993,3,10,6.55,8.283,2.943,0.812,7.572,4.471,0.806,0.059,1.414,31.414,8.323,0.884,0.552,9.223
1993,4,7,9.17,1.836,0.938,2.671,1.725,2.563,0.624,0.772,31.738,199.246,0.972,1.246,0.521,1.539
1993,4,21,0.778,0.251,3.354,37.185,15.515,3.708,1.386,0.856,5.879,274.444,22.594,5.638,1.568,6.753
1993,5,26,9.335,8.003,8.948,0.422,1.087,5.781,0.105,0.04,1.405,1.708,1.637,2.304,0.41,2.658
1993,6,9,39.325,11.476,8.105,0,1.239,7.449,0.865,0,8.579,20.113,2.936,4.192,0.657,5.982
1993,7,7,0.626,0.229,0.487,0,5.371,0.284,0.031,0.757,90.443,589.008,17.09,0.538,10.769,12.385
1993,7,21,13.481,8.966,6.306,0,0.466,84.089,0.759,0,0.255,2.3,1.278,3.919,0.89,4.403
1993,8,4,1.516,0.552,1.159,0,0.243,0.008,0,0.233,4.469,55.651,0.419,0.625,0.006,2.166
1993,9,1,3.565,2.155,2.245,0,2.768,0.334,0.038,0,0.432,1.408,3.88,0.749,0.064,3.905
1993,10,6,7.285,5.893,4.535,2.383,11.957,7.388,0.908,0,11.208,95.351,23.087,5.25,0.155,24.686
1993,10,27,6.299,6.676,2.181,0.136,1.559,2.028,0.21,0,11.275,33.387,3.691,1.237,0.074,14.34
1993,11,10,4.446,1.288,2.862,0.976,16.976,1.962,0.55,0,2.349,11.017,4.573,28.918,0.434,5.213
1993,11,23,1.906,1.875,2.68,0.621,17.214,1.238,0.173,0.395,7.192,22.913,1.979,9.88,0.155,3.335
1993,12,15,1.341,7.746,3.912,0,1.646,0.576,0.023,0,0.261,2.562,0.512,0.477,0.143,1.947
1994,1,26,15.125,6.671,1.545,0.667,0.876,10.7,0.864,0,0.148,0.878,1.439,1.366,0.553,2.573
1994,2,23,6.004,5.188,2.04,0,0.094,1.785,0.056,0.061,0.141,0.376,0.068,0.877,0.318,0.237
1994,3,9,12.781,1.478,3.325,0,0.253,0.751,0.154,0,0.974,7.452,2.671,1.232,0.323,17.424
1994,3,23,3.953,2.959,4.088,0.772,0.743,0.602,0.109,0,1.498,5.685,0.313,0.527,1.202,8.104
1994,4,13,0.244,0.612,5.311,10.194,45.027,11.226,2.055,0,1.634,16.446,7.439,2.045,0.254,3.641
1994,4,27,0.447,0.349,1.611,0,16.674,2.316,0,0,2.072,276.458,1.192,2.462,1.514,3.476
1994,5,18,0.333,0.526,4.006,0,0.568,3.27,0,6.752,16.096,82.394,12.721,3.804,2.732,1.073
1994,6,8,0.255,0.352,3.24,0,0.032,2.617,0.366,0.116,3.765,8.076,4.035,0.841,0.252,3.204
1994,6,29,0.153,2.72,8.958,0,2.536,3.745,0.808,0.235,9.985,40.917,2.427,3.868,0.43,2.187
1994,7,20,4.956,22.644,2.987,0.539,4.328,3.249,2.222,0,0.662,0.959,6.097,7.841,2.072,10.522
1994,8,11,7.053,3.796,5.057,0.413,14.329,0.362,0.112,0,83.624,100.852,0,1.861,0.424,29.267
1994,8,24,10.159,7.477,27.489,0,6.07,7.872,0.113,0,16.289,6.621,9.528,1.593,0.714,18.386
1994,9,7,4.652,4.421,4.113,0.999,2.1,2.133,0.254,0.095,235.541,19.526,2.417,2.594,0.733,11.321
1994,9,28,16.59,17.524,5.783,0.366,2.249,7.642,0.096,0,0.2,0.529,1.775,1.573,0.184,7.095
1994,10,19,4.565,3.482,5.407,6.791,5.517,8.294,4.244,0,13.807,81.404,0.438,2.205,0.592,7.832
1994,11,30,3.812,13.693,2.852,0,1.784,2.561,0.18,0,0.422,0.493,1.033,1.421,0.218,17.493
1994,12,21,7.329,11.172,4.608,0.181,2.227,4.567,0.588,0,0.162,0.04,0.847,1.523,0.221,15.883
1995,2,8,24.77,13.6,1.435,0,19.502,1.679,0.514,0,0.445,6.737,0.882,1.053,0.426,2.582
1995,3,1,13.704,8.314,4.73,0.031,1.036,2.6,0.173,0,0.256,0.443,2.819,1.807,0.511,1.304
1995,3,15,3.856,5.772,1.474,0.52,187.406,5.277,2.333,0,0.193,6.671,0.594,1.957,0.168,1.27
1995,3,29,2.681,2.364,2.462,0,2.22,1.104,0.042,0,1.662,32.34,0.586,2.981,0.319,0.439
1995,5,24,5.394,13.833,6.611,5.162,33.098,2.303,0.918,0.593,44.889,195.001,13.285,4.647,1.97,9.338
1995,6,14,0.3,1.834,3.128,9.621,5.367,2.021,0.092,0.421,11.429,31.243,0.918,4.025,0.188,3.603
1995,7,12,0.995,8.435,3.096,0.43,53.148,3.708,1.59,3.94,7.021,18.082,3.064,1.559,0.402,2.886
1995,7,26,0.332,1.131,3.741,0.46,37.489,2.355,0.411,0.923,128.64,187.85,9.698,6.332,0.748,12.115
1995,8,9,12.638,5.298,6.011,0,40.213,10.592,0.622,0.068,3.048,1.362,1.592,1.882,0.269,2.144
1995,8,23,17.925,3.533,0.746,0.097,2.986,5.871,0.109,0,1.152,49.314,1.116,1.929,0.535,5.836
1995,9,13,13,9.781,5.442,0.072,5.524,6.112,0,0,0.524,5.651,2.789,3.663,0.755,1.975
1995,9,27,4.625,2.999,3.855,0,17.097,2.045,0.648,0,1.104,9.189,7.468,3.649,0.173,12.48
1995,10,11,14.369,4.263,1.728,0,5.648,2.875,0,0,53.286,8.308,6.956,1.287,0.292,4.491
1995,10,25,21.599,6.738,3.053,0,22.847,4.282,0,0.218,6.352,0.234,10.419,1.925,0.419,2.574
1995,11,15,8.108,3.043,5.281,0.181,24.565,5.073,1.549,0,35.266,81.083,3.373,2.793,0.161,29.597
1995,12,6,8.759,3.065,8.17,13.592,49.896,10.229,1.218,0,81.2,68.409,4.722,1.641,0.803,6.001
1996,1,31,1.452,7.107,7.473,0.124,1.758,5.851,0.255,0,0.442,0.277,0.81,3.105,0.417,0.929
1996,2,14,3.091,22.007,2.309,0.096,2.002,5.075,0.165,0,0.554,0.55,1.309,1.333,0.866,17.88
1996,3,13,4.394,6.385,7.022,0.084,0.943,3.632,0.056,0,0.389,0.206,0.869,2.119,0.235,1.527
1996,4,3,4.022,4.755,2.376,1.433,0.739,2.44,0.503,0,0.839,3.723,1.138,2.988,0.214,3.976
1996,4,24,1.123,1.269,8.331,0.087,0,1.716,0.137,0,3.556,11.909,0.682,3.54,1.789,1.657
1996,5,15,1.274,5.385,2.933,0,2.645,8.184,0.636,2.886,29.152,232.753,19.043,2.026,0.506,9.276
1996,6,5,0.755,2.42,17.796,0,2.223,0.363,0.714,2.293,25.722,20.243,0.262,5.351,1.64,0.11
1996,6,26,4.618,19.779,0.692,1.021,0.087,8.907,0.244,0,1.05,5.321,2.73,1.927,0.633,2.515
1996,7,18,2.246,4.882,5.489,0.533,0,4.737,0,0,7.391,24.019,2.934,13.83,2.495,0
1996,8,6,8.517,7.441,4.862,1.769,4.078,6.854,6.284,0,11.583,17.376,36.95,8.097,0.581,3.446
1996,8,27,35.229,8.803,5.148,2.602,4.391,9.152,1.41,0,96.801,65.525,4.781,1.968,0.375,9.129
1996,9,17,1.862,0.507,3.254,0,4.361,2.585,0,0,423.653,8.128,10.08,3.895,0.146,14.74
1996,10,9,4.223,9.683,6.899,1.648,6.836,5.03,0.772,0,97.326,46.477,8.529,3.183,1.573,15.04
1997,2,18,6.045,7.687,3.151,0.764,1.073,5.481,1.931,0,12.284,11.606,6.219,1.826,0.373,1.853
1997,3,3,1.003,9.071,1.29,0.26,1.388,4.393,0.471,0,3.084,11.814,24.251,0.742,0.059,38.191
1997,3,28,0.109,0.087,16.584,0.08,0,1.463,0,0,0.715,0,0.696,2.853,1.397,1.192
1997,4,16,0.079,20.75,7.995,0,0,1.504,0.166,0,10.782,31.415,0,5.303,0.275,1.749
1997,5,7,0.406,3.379,2.464,0.153,0.612,2.42,0.365,1.092,5.508,9.82,1.181,1.456,0.282,3.221
1997,6,18,3.173,11.476,2.072,2.313,0.213,4.126,0.098,0,15.31,8.131,2.949,0.898,0.389,6.304
1997,7,9,3.3,2.583,20.544,14.5,56.458,8.594,8.371,0,6.807,10.028,19.622,6.139,0.932,110.851
1997,7,30,36.979,29.179,11.878,0.078,0,21.381,3.829,0,1.2,1.59,0.626,5.586,0.488,15.285
1997,8,11,44.062,3.782,5.212,0,17.188,2.682,0,0,14.296,7.83,2.965,3.968,0.402,15.385
1997,9,14,10.038,0,0.86,0.402,142.677,2.688,0.291,0,2.041,12.309,6.725,2.011,0.277,1.091
1997,10,1,66.883,13.91,1.471,0.242,1.908,8.902,2.087,0,1.618,1.197,2.857,3.752,0.02,11.305
1997,10,22,4.448,0.207,0.924,0.994,1.418,1.568,0.424,0,0.261,1.983,2.496,2.059,0.242,1.823
1997,11,12,6.675,2.078,3.118,0.548,9.714,5.208,0.211,0,1.711,12.382,15.876,1.783,0.222,2.837
1997,12,3,5.93,3.26,2.203,0.267,3.013,3.576,0.199,0,0.288,1.07,0.782,2.269,0.118,0.64
1997,12,18,4.107,2.794,1.789,0,6.35,2.904,0.251,0,0.159,2.257,2.091,1.653,0.395,0.705
1998,1,7,3.837,4.992,1.68,0.251,1.184,2.614,0.276,0,1.542,1.141,0.307,1.005,0.24,2.95
1998,1,21,6.505,1.473,1.046,0,0.261,0.739,0.021,0,0.491,0.395,0.526,0.358,0.23,0.508
1998,2,19,7.203,8.4,3.199,0,1.247,3.561,0.821,0,6.68,8.493,0.584,2.404,0.036,1.419
1998,3,4,5.15,7.545,4.331,1.832,0.619,6.048,0.486,0,9.318,50.898,1.471,1.541,0.055,1.647
1998,3,22,3.746,2.301,3.607,0,0.067,0.162,0.006,0,0.405,10.844,0.067,2.504,0.369,7.026
1998,4,29,0.319,0.076,2.804,0,2.615,0.558,0.161,0,29.961,300.416,1.821,3.136,3.412,0
1998,5,9,1.546,2.81,0.836,0.118,0.227,0.241,0.118,0,0.182,3.277,0.558,1.145,0.264,0.059
1998,5,20,2.011,6.343,4.944,0.016,0,1.653,0.441,0.246,0.584,1.796,1.299,2.255,0.199,1.558
1998,6,10,17.652,3.478,0.546,0.295,1.242,4.623,0,0,43.016,229.193,0.57,2.051,0.693,2.094
1998,6,30,7.178,7.784,3.315,0.075,2.324,1.392,1.525,0,13.456,25.242,5.63,1.906,0.779,6.555
1998,7,22,0.171,1.436,2.084,0.289,11.52,1.936,0.267,0,13.471,272.304,27.957,4.405,0.169,4.673
1998,8,21,4.701,9.913,2.472,0.738,4.375,2.679,0.1,0,12.919,62.182,9.11,2.7,0.254,6.439
1998,9,23,5.148,25.704,1.617,0,1.442,6.433,0.561,0,0.405,0.069,1.581,1.56,0.202,3.8
1998,10,21,6.307,16.814,6.499,0,1.661,9.723,0.139,0,0.473,5.987,1.213,5.279,0.475,4.891
1998,12,16,0.778,3.337,2.322,0.068,0.21,1.744,0.113,0,3.34,0.806,2.877,1.335,0.171,1.393
1999,3,5,5.558,4.157,0.25,0,0.442,0.161,0,0,5.645,10.662,1.246,0.473,0.023,0
1999,3,17,5.44,5.386,0.903,0.76,2.741,8.014,0.274,0,0.881,49.383,10.625,1.801,0.63,18.105
1999,4,6,1.004,1.255,1.681,0.045,0.395,1.708,0,0,4.063,5.141,0.597,0.731,0.313,0.216
1999,4,20,4.022,1.763,2.398,0.086,0.097,3.296,0,0,9.068,112.879,5.103,1.064,1.092,0.037
1999,5,11,0.037,0.849,0.614,0.384,0.119,1.228,0.94,0,4.047,26.035,7.609,2.326,1.008,11.397
1999,5,27,0.098,9.572,5.256,0.135,0.807,16.388,0.165,0,21.138,29.511,10.117,4.951,1.194,5.891
1999,7,13,1.105,12.76,9.839,0.854,3.531,32.964,7.662,0,11.955,31.275,5.996,4.479,0.263,13.941
1999,7,23,10.25,7.539,2.827,0.175,0.929,2.95,0,0,0.493,4.21,6.83,2.152,0.793,0.899
1999,8,3,0.971,4.554,5.658,2.023,0.991,5.281,0.122,0,14.777,24.678,0.535,1.727,1.216,8.013
1999,8,25,1.75,2.048,3.703,0.231,312.782,5.735,0.152,0,5.623,17.819,32.015,4.242,0.512,17.267
1999,9,13,1.028,9.683,0.934,0,0.443,2.062,0.104,0,0.583,1.077,0.585,1.09,1.145,2.939
1999,10,5,13.537,12.348,4.501,0,5.068,10.059,0,0,21.36,7.943,3.74,3.451,0.953,2.738
1999,10,26,9.164,16.353,2.782,0.146,2.48,12.364,0.143,0,1.291,1.177,0.987,1.979,0.427,5.439
1999,11,16,18.868,7.535,1.474,0,0.143,4.151,0,0,2.713,0.875,0.846,1.429,0.502,3.198
1999,12,6,1.772,8.002,1.705,0.068,12.091,3.138,0.261,0,8.652,5.954,0.953,1.499,0.289,4.505
2000,1,11,0.293,8.725,6.06,0.279,2.128,3.986,0.187,0,0.673,3.182,1.686,2.661,0.792,4.561
2000,2,1,1.885,2.445,0.647,0,3.867,3.129,0.267,0,0.665,0.528,0.786,0.671,0.83,1.338
2000,3,8,0.263,4.001,253.645,0.073,18.747,61.467,0,0,18.929,492.136,1.546,5.09,5.57,14.533
2000,3,28,0.059,3.087,590.58,0,45.28,23.814,2.071,0,135.569,814.461,61.568,71.492,5.51,14.022
2000,4,12,0.111,1.318,1.298,0.198,0,0,0,0,10.364,127.071,11.437,3.465,0.868,8.147
2000,4,26,0.069,2.176,0.9,0.079,0.08,0,0,0,0.577,47.428,8.744,1.132,1.237,1.515
2000,5,9,0.114,0.86,2.184,0.164,0,1.2,0.836,0,18.441,583.936,0.784,4.096,0.593,9.585
2000,6,20,0.009,1.081,0.939,0,0,0.104,0,1.543,30.967,41.267,0.637,3.166,0.561,1.585
2000,7,11,4.877,6.169,0.132,0.036,0,0,0,0,1.311,0.167,0.778,0.63,0.127,0.094
2001,1,17,4.268,0.221,0.334,0,0.474,3.561,0.236,0,0.079,0.055,0.722,0.585,0,3.409
2001,2,6,4.111,1.17,2.741,0.017,3.648,6.633,1.759,0,3.319,5.155,4.972,0.489,0.096,4.972
2001,2,27,1.129,1.913,5.051,0,0,3.733,0.337,0,0.139,0.01,0,0.492,0.172,0.341
2001,4,5,0.092,0.008,0.59,0.286,0,1.02,0.047,0,7.116,71.145,1.67,0.229,0.156,0.671
2001,5,15,0.199,0.742,0.97,0,0.069,0.276,0.081,0,42.695,214.941,31.533,4.139,2.012,0.65
2001,6,4,3.592,2.656,5.475,0,0,1.896,0.022,0,20.015,9.455,4.059,1.066,0.163,2.692
2001,6,27,4.726,0.04,1.689,0.012,1.411,1.955,0,0,7.809,9.843,6.643,6.302,0.985,19.038
2001,7,19,10.38,0.104,4.539,0,1.987,6.198,0.066,0,771.791,0.698,0.627,6.43,0.756,12.129
2001,8,6,11.243,0.339,1.599,0.013,0.589,3.852,0,0,635.984,3.012,4.227,2.03,1.056,1.717
2001,9,5,3.423,0.33,2.052,0.347,6.482,4.677,0,0,290.079,70.938,3.511,0.163,0.15,28.673
2001,9,26,9.08,13.675,8.391,0.037,6.98,5.538,1.729,0,62.946,0.219,0.515,0.372,0.407,2.312
2001,10,16,4.227,22.985,11.71,0.015,0.471,2.223,1.436,0,0.393,0,2.224,1.973,0.516,3.364
2001,11,8,1.561,7.57,1.019,0.595,1.674,1.816,0.974,0,89.05,7.254,6.507,0.211,0.328,9.509
2001,11,27,1.588,5.711,1.702,0.005,14.088,2.48,0,0,1.852,0.732,1.479,0.732,0.114,4.197
2001,12,18,8.985,1.531,5.621,0,44.856,4.666,0,0,1.924,2.672,1.207,0.952,0.32,0.869
2002,1,2,1.456,2.856,4.474,0.02,7.012,5.806,0.316,0,0.314,4.993,0.583,3.869,0.91,4.813
2002,1,28,1.617,10.727,0,0.13,0.058,0,0,0,0.694,0.987,0.251,0,0,2.888
2002,2,22,0.737,0.728,7.5,0.026,5.556,125.005,2.11,0,20.202,89.185,1.723,2.682,0.255,11.311
2002,3,11,0.387,6.21,2.344,0.195,19.608,4.31,0,0.097,327.519,23.683,3.039,1.998,0.194,7.91
2002,4,4,0,24.652,8.746,0.094,3.88,17.456,0.302,0,0.27,1.93,11.102,0.867,1.087,5.648
2002,4,23,0.637,14.875,19.971,0,0,4.967,0,0,18.335,211.855,11.098,1.103,0.019,0.422
2002,5,13,0.071,1.832,2.135,0.084,0,2.165,0,0,7.557,24.326,123.913,0.412,0.348,0.903
2002,6,3,1.171,16.966,10.421,0.394,4.122,18.851,0.976,0,2.892,12.251,6.275,1.764,0.051,37.873
2002,6,14,0.541,14.614,32.376,1.868,5.611,14.912,0.744,0,29.483,2.217,6.976,2.272,2.63,3.868
2002,8,8,5.607,5.678,3.178,2.96,22.374,1.435,0.942,0,302.515,1180.534,11.672,0.231,0.468,12.406
2002,8,26,1.55,2.466,4.7,2.406,8.244,4.933,1.282,0,384.748,64.803,1.398,0.306,4.953,2.95
2002,9,17,3.114,4.4,2.29,0.115,20.187,2.161,0.106,0,773.974,50.768,10.964,0.897,0.14,8.174
2002,10,8,4.374,21.662,25.661,0.455,57.838,10.089,0.237,0,2.655,0,22.724,1.678,2.043,2.205
2002,10,28,14.881,13.635,5.995,0,2.339,5.581,0.118,0,0.423,0.848,0.975,0.215,0.116,8.58
2002,11,26,1.437,15.819,1.968,0.472,13.729,2.353,0.032,0,0.067,0.137,0.677,1.456,0.173,36.737
2003,1,6,1.143,0.766,1.688,0.015,5.505,0.611,0.159,0,0.267,2.872,15.648,0,0,6.015
2003,1,27,2.818,14.798,1.306,0,4.601,3.49,0,0,0.646,2.737,0.93,0.429,0,1.365
2003,2,19,1.938,17.685,3.43,0,0.458,1.381,0,0,0.111,0,0,0.274,0,0
2003,3,6,1.598,14.876,1.731,0,2.5,5.489,0.107,0,0.922,16.034,23.556,0.41,0.038,14.864
2003,3,27,0.47,11.827,2.348,0,1.6,1.431,0.26,0,20.031,43.623,0.408,0.014,0.463,0.242
2003,4,14,0.387,4.049,6.613,0,0.753,6.388,0.876,0,48.986,120.202,5.157,0.24,0.879,1.573
2003,4,29,1.654,15.954,31.758,0,0.76,2.123,0,0,2.01,0.662,6.12,1.09,0,3.789
2003,5,30,4.084,33.458,4.767,0,2.421,2.239,0.157,0,5.679,2.559,0.226,1.256,0.783,0
2003,6,24,0.73,3.744,13.962,0,3.907,4.521,0,0,76.592,86.428,13.84,0,0.091,1.545
2003,7,7,2.06,22.414,3.766,0,2.68,3.091,0.584,0,30.899,44.707,0.844,0.261,1.241,18.178
2003,8,21,4.3,13.508,27.717,0,1.25,6.686,0.907,0,3.597,2.924,0.69,0.086,0.128,0.067
2003,10,28,4.023,6.151,6.416,0.247,9.223,7.203,0.44,0,15.73,41.6,13.26,0.153,0.506,1.38
2003,11,18,5.387,3.829,1.787,0,1.513,1.389,0.428,0,0.199,0.676,5.269,0.429,0.121,1.713
2004,3,10,0.715,6.215,19.769,0,11.366,17.638,3.93,0,3.23,17.337,3.882,0.1,0.086,0.989
2004,3,31,0.084,5.017,20.877,0,0.395,0.592,0.296,0,37.789,73.838,1.022,0.042,0.943,0
2004,6,8,0.033,0.373,7.441,0,11.846,2.19,0.089,0,4.264,3.398,1.222,0.152,0.717,0.409
2004,6,15,0.09,2.347,15.466,0.095,28.287,16.077,0.624,0,34.679,42.324,4.271,0.494,0.507,1.527
2004,7,7,0.677,1.27,5.028,11.879,38.883,33.227,0.534,0,3.676,9.085,6.496,0,0,7.128
2004,7,27,3.732,3.337,38.58,3.353,69.329,12.164,1.685,0,1.467,8.464,9.727,0.986,0,6.927
2004,8,4,9.682,1.536,2.009,0,6.36,2.174,0,0,2.638,4.317,0,0.557,0.105,0.056
2004,8,17,4.402,1.134,14.135,0,94.923,4.304,0.878,0,64.6,41.548,20.951,0.739,0.863,6.927
2004,9,8,0.13,6.818,8.477,0.542,471.826,2.014,2.508,0,4.989,20.726,23.047,2.767,0.581,0.429
2004,9,29,0.3,2.426,2.891,0.123,201.992,2.308,0,0,1.936,12.427,30.153,0.236,0.027,0.806
2004,11,9,0.732,1.299,1.057,0,176.225,3.368,0.185,0,38.291,78.083,8.566,0.185,0.188,0.639
2004,12,13,3.198,0.603,3.361,0,8.533,5.509,0.077,0,0.605,0,2.273,0.213,0.277,0.103
2005,1,13,2.041,4.647,1.855,0,5.506,2.626,0.244,0,0.255,0.581,7.504,1.953,2.047,0.566
2005,2,16,5.106,10.845,4.068,0,11.757,2.5,0.423,0,1.119,0.724,11.55,7.159,0.244,2.742
2005,3,2,1.904,0.912,2.295,1.23,6.31,5.356,0.392,0,0.556,1.26,4.672,10.174,0.199,3.011
2005,4,5,1.147,14.622,1.018,0,5.396,7.155,0.485,0,1.539,0.595,3.499,4.713,0,0.174
2005,4,28,0.03,2.539,1.748,0.762,21.9,2.07,0.036,6.293,24.716,271.589,680.473,3.886,0.084,16.736
2005,5,17,3.628,16.013,0.961,0.565,27.126,5.555,1.287,1.713,8.452,70.351,12.266,7.625,0.072,4.959
2005,6,28,0.027,16.347,7.08,2.56,155.503,0.758,3.533,7.91,7.75,59.831,132.467,6.185,0.785,11.434
2005,7,7,0.336,11.008,1.486,2.401,39.913,6.044,1.236,1.016,17.409,27.99,21.198,7.923,0.945,9.47
2005,7,20,1.23,14.973,1.217,0.784,189.31,2.682,1.156,4.881,8.543,37.118,62.559,3.393,0.463,41.32
2005,8,10,4.101,33.616,4.649,0,41.155,4.884,0.752,2.607,17.172,19.95,16.711,7.88,1.128,6.827
2005,8,31,2.33,30.294,3.854,0,32.129,6.32,0.438,4.175,81.77,37.248,21.347,8.588,0.374,8.003
2005,9,21,2.112,11.669,2.922,0,26.065,1.135,0,0,7.382,6.54,4.94,2.566,0,6.628
2005,10,12,0.587,16.886,2.254,0.048,65.547,2.35,0,2.029,36.854,67.661,37.65,4.584,0.267,9.15
2005,10,25,0.449,10.608,3.118,0.146,359.872,3.226,0,0,5.068,0.221,44.951,3.937,0,4.823
2005,11,29,2.05,13.46,3.726,0.062,219.252,5.626,0.34,1.954,4.811,4.926,15.496,7.749,0,6.125
2005,12,21,0.826,17.512,1.368,0,146.73,3.809,0.093,0,2.001,2.796,26.967,5.607,0,8.078
2006,1,10,1.528,14.556,4.158,0.238,79.907,5.457,0.306,0.07,1.317,2.24,2.053,10.701,0,1.152
2006,2,2,2.357,7.913,0.676,0.096,18.599,1.811,0.841,0.123,14.5,6.642,8.546,5.778,0.06,5.325
2006,3,14,0.248,5.008,1.023,0.006,3.279,1.846,0.018,0,2.558,16.056,1.645,4.106,0.201,0.574
2006,3,30,0.872,35.112,2.593,0.421,3.049,5.219,0.508,0,0.974,1.521,3.316,2.894,0.544,2.297
2006,4,17,6.737,36.92,0.969,0,4.179,8.545,0,0,2.775,1.267,7.412,8.24,0.694,4.048
2006,5,10,2.833,14.521,0,0.151,7.218,3.319,0.881,0.574,4.476,27.345,8.198,14.319,0.297,1.196
2006,6,7,0.213,8.087,1.528,0.231,79.08,1.836,1.423,0.816,32.599,117.866,47.445,5.774,0.621,10.722
2006,6,28,0.546,29.668,3.414,0.139,57.515,3.533,0.146,3.264,27.593,62.926,90.25,4.383,0.811,21.687
2006,7,19,2.973,31.303,1.721,0.377,31.791,3.109,0.46,0,2.634,5.837,14.204,5.518,0,3.11
2006,8,17,6.823,28.903,4.149,0.041,227.016,9.039,0.618,1.076,17.834,10.122,40.291,6.465,0,10.42
2006,9,11,1.639,6.559,1.961,0.047,15.772,3.057,0.113,0,6.354,12.639,32.956,4.812,0,2.565
2006,9,27,2.219,10.65,2.483,1.034,41.149,5.607,0.867,0,1.379,3.201,4.235,3.018,0,8.929
2006,10,24,6.375,14.175,1.732,0.022,29.473,1.742,0.098,0.266,0.441,2.001,4.466,2.436,0,2.143
2006,11,8,4.115,4.112,2.538,0.792,77.707,4.039,0,0,2.068,2.896,21.448,4.406,0.241,2.83
2006,11,29,2.613,3.678,4.191,0.324,89.266,5.679,0.737,0,16.208,20.603,10.346,7.854,0.129,3.688
2006,12,21,0.408,11.399,2.337,0,1.178,2.277,0,0,0.385,0.02,1.044,4.415,0,0.097
2007,1,8,0.884,6.469,0.354,0.094,41.116,1.376,0,0,0.506,2.947,8.288,1.434,0.061,4.76
2007,2,15,1.649,10.287,5.975,0.015,6.045,15.555,1.751,0,2.186,1.719,2.1,5.489,0,0.573
2007,3,8,0.633,9.126,6.023,0.022,19.276,4.167,1.101,0.64,9.072,198.223,12.981,7.144,0.113,6.358
2007,4,18,0.062,1.727,3.019,0.018,0.425,0.16,0,0,1.517,0.999,1.983,5.897,0,0.401
2007,4,27,0.263,2.93,0.49,0.935,7.112,2.437,0,0.136,9.565,12.544,8.305,2.583,0.159,13.458
2007,5,10,0.78,6.454,4.007,0.13,0.746,5.119,0.968,0,2.027,21.506,1.487,19.663,0.582,7.837
2007,6,8,0.308,0.112,0.986,0.199,14.242,0.745,0,1.771,3.546,67.963,8.378,2.235,0.716,6.527
2007,6,19,1.621,7.902,0.808,1.934,16.248,1.849,0,0.828,30.343,94.632,40.98,1.954,0.349,12.091
2007,7,30,2.681,2.568,30.999,2.98,25.615,2.49,0.209,150.462,4.658,223.014,34.409,9.365,1.125,2.156
2007,8,22,1.3,4.685,1.791,0.076,43.215,3.754,1.331,0,36.431,88.712,34.208,6.692,0.12,3.601
2007,9,11,69.594,61.655,3.273,0.041,9.978,3.586,0,0,4.879,18.394,18.347,7.913,0.384,5.489
2007,11,6,2.543,7.895,3.225,0,7.328,6.275,0.274,0,0.313,2.508,2.485,2.591,0.03,0.683
2007,12,10,2.42,4.636,0.929,0.023,7.391,3.016,0,0,0.667,3.104,2.836,2.282,0.227,1.1
2008,1,3,0.877,15.049,1.382,0.258,15.749,1.205,0.044,0.052,1.166,5.453,4.611,1.243,0.142,0.174
2008,1,26,2.359,10.028,0.709,0,0.455,0.365,0.033,0,0.245,1.626,0.51,1.593,0.039,1.701
2008,2,7,0.84,4.399,1.147,0,0.453,2.663,0,0,0.593,0.882,1.587,2.551,0.062,0.021
2008,2,28,5.398,16.266,1.701,0,0.574,2.517,0.168,0,0.262,0.5,0.859,2.259,0.064,0.117
2008,3,24,1.369,5.406,1.392,0.051,7.584,0.651,0.483,0,4.664,209.856,9.386,5.351,0.449,0.749
2008,4,16,0.236,3.175,6.856,0,7.414,4.826,0,38.562,3.813,119.057,7.155,3.006,1.022,6.703
2008,4,28,0.223,4.483,5.291,1.022,1.564,1.566,1.05,0.305,8.786,113.329,6.125,3.174,0.414,2.727
2008,5,6,0.16,3.518,2.757,0.948,2.866,2.322,3.766,0.687,8.789,555.589,11.722,5.162,0.954,1.439
2008,5,27,1.246,30.168,3.406,0.009,0.687,4.784,0.119,0,0.668,1.941,1.794,4.441,0.417,0.463
2008,6,23,1.002,14.937,3.695,0.325,5.758,4.41,1.009,2.972,60.715,215.536,22.763,6.676,2.027,7.512
2008,7,29,3.235,28.154,10.707,0.459,4.305,6.594,0.975,0.941,25.861,36.729,5.68,13.527,1.35,0.103
2008,8,19,12.094,32.406,4.495,2.88,11.064,16.882,3.74,0.767,4.273,6.567,15.192,9.057,0.095,12.935
2008,9,18,8.089,9.294,2.635,1.819,181.837,5.645,0.376,7.136,31.885,44.409,28.392,11.195,0.936,26.632
2008,10,14,4.325,16.028,0.789,0.009,1.483,0.691,0,0,2.599,6.426,2.623,1.798,0.28,0.42
2008,10,29,0.652,0.245,1.332,0.109,9.675,1.73,0,1.2,12.493,29.398,6.931,5.793,0.792,1.133
2008,12,3,0.906,4.547,7.008,0.356,1.893,6.812,0.831,1.478,0.868,0.425,3.8,4.448,0.083,1.936
2009,1,7,1.059,29.818,1.282,0,2.267,2.453,0.101,0.337,0.926,4.588,5.309,2.558,0,4.551
2009,1,23,1.149,14.888,8.665,0.136,0.864,6.124,0.096,0,0.316,0.42,0.406,4.254,0,0.283
2009,2,24,0.507,7.839,2.489,0,1.046,1.962,0,0,0.796,0.675,1.092,2.622,0,0
2009,3,25,0.48,5.092,1.496,0.666,0.792,1.285,0.257,0,8.564,50.292,2.758,5.187,1.381,0.945
2009,5,6,7.336,44.541,6.143,0.05,0.573,3.593,0.144,0,0.622,1.423,1.393,7.213,0.298,1.37
2009,5,28,3.313,10.657,4.796,0.147,3.286,6.845,0.229,0.966,14.044,27.284,9.745,4.879,0.769,1.897
2009,6,23,5.608,28.639,5.76,0,0.356,5.18,0,0,6.32,14.978,9.47,8.117,0.71,1.635
2009,7,30,4.664,21.286,0.384,0,0.498,1.551,0.084,0,0.91,4.447,11.297,1.112,0.101,0.531
2009,8,18,4.671,12.64,13.791,0.048,11.042,14.153,2.7,3.909,13.796,90.003,32.098,7.753,0.75,3.697
2009,9,9,4.122,18.114,2.997,0.318,2.168,7.696,0.344,0.144,4.765,20.065,19.02,3.441,0.444,0.837
2009,10,22,1.2,5.53,3.535,0.111,7.107,16.043,0.16,0,4.983,0.518,2.762,4.607,0.11,1.377
2009,12,15,0.234,2.337,1.24,0.709,49.691,3.452,0.128,0.146,2.285,4.647,14.717,2.006,0.113,1.171
2010,1,21,1.881,8.215,1.49,0.358,4.919,0.85,0.069,0,1.02,0.436,3.85,1.408,0.082,0.112
2010,2,16,4.771,30.211,3.855,0,4.277,5.218,0.058,0.105,2.097,4.83,2.561,3.022,0.125,2.206
2010,3,8,1.569,43.226,24.014,0.008,10.641,4.354,0.743,0,0.705,3.122,6.793,3.273,0.457,4.036
2010,4,1,6.083,46.482,2.153,0.249,3.295,5.681,0.309,0,1.646,9.723,3.104,2.036,0.542,0.513
2010,4,18,0.3,5.05,1.187,0,0.118,0.494,0.103,0.191,1.053,4.375,1.069,1.275,0.262,0.731
2010,4,27,0.516,28.479,4.115,0.172,2.627,2.537,0.054,0.514,4.955,77.627,3.007,3.14,0.193,0.99
2010,5,18,0.463,20.66,0.67,0.403,3.038,7.323,0,0,0.337,4.473,3.584,1.76,0.02,1.038
2010,6,10,0.267,16.257,3.252,0,0.802,5.863,0.335,0.227,20.759,8.461,2.317,2.57,0.158,0.491
2010,7,17,29.167,105.102,0.497,0.137,0.18,0.308,0,0,21.168,9.485,0.726,3.69,0,0.248
2010,8,2,15.724,54.537,1.519,0.121,1.007,1.982,0.392,0,14.278,32.827,7.048,3.648,0.389,1.532
2010,8,26,4.725,33.898,7.089,0.483,6.589,6.246,1.345,0,222.422,43.172,15.325,10.279,0.269,8.108
2010,9,9,2.328,13.071,0.731,0.039,1.209,5.07,0.146,0,6.35,0.754,1.798,1.265,0.103,0.741
2010,10,28,8.063,31.435,0.754,0.214,5.275,7.828,0,0,3.407,5.863,7.323,3.644,0,1.79
2010,11,4,10.234,54.294,0.832,0.293,18.847,1.508,0,0,10.374,9.561,6.493,2.661,0,6.017
2011,1,12,3.793,16.145,1.396,0,2.145,3.941,0.029,0,0.271,0.376,2.473,1.718,0.112,0.562
2011,3,29,0.365,1.579,5.322,0.939,50.508,5.279,1.001,0,1.887,1.785,5.702,2.781,0,4.967
2011,4,3,0.158,9.002,3.274,0.075,11.838,1.163,0.113,0.192,3.807,16.458,2.165,1.935,0.069,2.167
2011,4,18,0.695,1.457,2.807,0.058,8.991,2.997,0.741,0,20.371,65.016,3.907,2,0,0.993
2011,6,20,2.374,11.343,6.013,0.327,2.948,10.563,3.364,0.216,6.05,8.827,8.762,5.764,0.637,3.11
2011,7,13,0.1,8.278,10.402,1.023,5.701,0.573,0.231,7.537,41.52,358.25,21.156,3.539,0.457,1.775
2011,8,3,3.014,1.057,0.546,0.082,1.197,0.951,0,0,0.581,1.523,2.058,1.896,0.225,1.802
2011,9,12,1.788,0.275,5.097,0.015,6.73,0.865,0.348,0.87,4.555,44.346,14.599,11.106,0.364,6.772
2011,9,29,1.248,12.076,3.931,0.359,16.388,3.634,0.37,1.491,4.875,25.281,10.954,2.716,0.044,1.315
2011,10,20,3.012,18.712,1.599,0,22.408,2.424,0.391,0,14.522,7.121,20.292,2.651,0,3.738
2011,11,9,0.206,13.092,0.298,0,8.184,0.264,0.046,0.085,11.654,20.224,1.967,0.703,0.187,1.312
2011,12,13,1.655,25.077,2.395,0.276,5.457,6.268,0.111,0,0.656,0.337,5.934,3.731,0.052,1.229
2012,4,24,6.787,0.917,1.549,0,0.225,1.264,0.076,0,2.558,2.305,1.024,3.016,0.105,0.44
2012,5,16,3.463,31.894,2.423,0.052,1.026,16.969,0.064,0,0.232,3.9,0.346,4.313,0.017,2.009
2012,6,4,11.063,52.569,0.195,0,0.993,3.879,0.108,0,0.198,2.004,1.438,1.9,0.021,4.139
2012,6,20,4.662,25.773,2.61,0.448,2.034,5.574,0.025,0,2.494,13.432,9.076,1.884,0.371,0.957
2012,7,17,6.957,30.044,2,0,1.046,1.108,0.153,0,5.552,2.635,0.863,4.903,0.144,0.44
2012,8,8,0.661,17.252,1.926,3.197,4.951,1.162,0.232,0,24.782,2.593,3.189,5.039,1.04,2.99
2012,8,22,0.651,5.641,0.317,0.182,39.52,1.486,0.323,0,41.235,23.778,10.746,2.224,0.144,3.596
2012,9,10,1,11.186,0.601,0.048,18.154,1.716,0.106,1.246,22.113,38.244,16.807,1.465,0.344,1.349
2012,10,11,1.237,11.798,1.13,0.675,421.803,2.527,0.261,0,0.332,0.425,4.684,2.727,0.129,4.028
2012,11,2,0.615,4.111,0.371,0.066,3.768,0.286,0,0,4.76,2.153,1.881,2.009,0.009,0.788
2012,11,29,3.389,9.857,0.569,0.016,2.381,2.222,0.052,0,0.26,0.422,2.965,1.754,0.022,2.294
2012,12,13,1.878,20.549,2.803,1.616,24.107,5.454,0.307,0,0.605,0.689,6.554,3.227,0.02,1.046
2013,1,7,0.719,0.241,0.577,0.028,1.756,1.112,0.048,0,0.11,0.84,1.694,1.148,0.016,0.137
2013,3,13,3.091,5.137,2.098,0.078,0.89,3.811,0.194,1.873,0.153,0.105,3.731,3.948,0,3.701
2013,4,10,0.225,6.407,1.023,0.013,0.534,2.323,0.2,0,15.071,4.199,3.552,1.781,0.454,1.166
2013,5,22,0.24,13.919,0.982,0.04,0.437,1.131,0.266,0,630.007,2.56,4.342,5.279,0.134,1.977
2013,6,20,0.038,5.704,0.887,0,1.44,0.8,0.033,0,162.075,9.936,4.075,2.488,0.45,0.597
2013,7,15,0.314,20.27,3.292,0.088,8.143,4.585,0,0.523,144.479,7.654,1.187,1.989,0.16,0.232
2013,8,28,0.759,10.281,1.442,0.046,8.832,0.975,0.809,0.431,422.586,6.225,7.989,2.425,0.148,5.258
2013,10,7,1.029,8.055,1.446,0.038,9.989,1.282,0,0,55.35,11.178,5.493,4.122,0.194,0.639
2013,11,12,6.924,19.707,0.977,0.308,26.058,5.697,0.717,0,48.947,106.546,5.713,7.059,0.595,2.405
2014,1,8,0.814,1.73,1.946,0,12.644,2.193,0.041,0,0.235,0.361,2.43,2.161,0,0.468
2014,2,20,2.489,24.389,5.41,0.175,7.947,2.753,0,0,1.445,5.475,6.127,3.337,0.038,37.075
2014,3,20,1.464,2.403,6.277,0.081,1.629,4.862,0.523,0,37.299,18.578,2.081,3.57,0,0.588
2014,4,23,1.126,5.322,3.38,0.017,23.086,0.708,0.065,4.125,27.483,155.201,7.547,4.599,0,0.449
2014,5,5,0.405,9.398,1.325,0,8.213,0.589,0,5.322,164.088,127.506,107.211,3.131,0.088,10.738
2014,5,27,0.101,7.784,0.899,0,24.65,0,0,0.75,62.747,113.778,90.745,2.518,0,1.275
2014,6,19,0.116,23.693,2.556,0,48.025,3.008,1.633,0,61.71,139.126,37.409,4.427,1.154,7.098
2014,7,10,0.129,3.742,1.891,0,6.98,1.096,0.049,0,65.104,13.752,20.236,2.192,0.123,0.73
2014,10,29,6.578,7.923,1.033,0,4.465,6.016,0.145,0,0.648,0.189,3.81,3.971,0,0.516
2014,11,20,5.263,8.181,0.647,0,2.068,1.543,0.18,0,0.396,0.234,7.461,2.476,0,37.868
2015,2,7,4.586,6.108,0,0.585,34.962,1.531,0.277,0,3.389,15.055,4.386,0,0.407,7.528
2015,5,11,0.307,31.894,0.036,0.208,0,4.535,0,0,66.191,4.1,15.189,1.007,2.301,26.629
2015,6,4,0.054,3.214,1.789,2.324,18.57,0.75,0,0,1328.347,23.127,29.491,0.891,1.56,1.381
2015,7,7,6.424,7.353,0.314,0.658,0,0.239,0,0,107.105,1362.556,11.23,3.495,0.064,2.713
2015,8,25,2.122,13.933,0,0,114.282,0,0,0,72.216,6.079,0.944,0.218,0,0
2015,10,9,9.203,16.305,0,8.629,12.629,33.768,18.464,0,18.047,34.277,136.081,10.982,0,127.247
2015,10,26,1.12,7.965,0.395,0.133,1.731,0.32,0.196,0,142.496,3.638,24.869,1.781,0,3.237
2015,11,19,1.16,5.405,0,2.075,831.834,4.207,1.423,0,160.159,136.499,388.656,2.707,0,0
2015,12,15,0.392,15.519,0.028,0.013,0.065,0.304,0.023,0,6.456,2.881,4.708,0.791,0.068,1.691
2016,1,13,2.481,10.17,0,0,0.623,5.11,0.772,0,0,0,0.71,0.972,0,37.891
2016,2,3,1.125,11.68,7.403,0,0.506,1.119,0.016,0,0,0,1.132,0.541,0,1.589
2016,3,10,9.533,18.385,0,0.231,0.895,6.188,0.204,0,0,0,1.893,1.446,0.562,5.98
2016,3,30,0.306,3.45,0,0.052,0,2.136,0.219,0,0,0,1.566,1.525,0,0
2016,4,21,0.192,8.111,5.835,0,0.075,0.27,0.107,0,54.329,619.667,10.171,4.017,0.377,2.8
2016,5,19,1.769,52.012,5.22,0,0.425,10.866,0,0,20.413,33.505,5.053,0.784,3.106,104.922
2016,6,8,1.444,28.875,7.154,0,1.049,1.089,4.851,0,387.022,98.479,10.614,2.966,0.194,6.404
2016,6,28,0.158,25.905,6.362,0,13.442,0.922,0,0,3044.919,11.902,250.116,13.9,0.814,0.278
2016,8,31,9.539,52.575,2.576,0.113,6.932,8.133,0.369,0,16.151,20.59,9.231,8.013,0,9.67
2016,9,25,0.895,10.852,2.796,0.86,368.902,3.752,0.459,0,58.452,27.977,33.122,3.525,0,40.741
2016,11,1,4.694,13.098,0.588,0,616.901,2.078,0,0,5.536,2.974,4.222,4.522,0,44.116
2016,12,14,5.782,10.747,0,0.883,14.128,7.495,2.27,0,4.364,14.952,37.422,6.468,0.712,24.197
2017,1,9,0.837,3.909,3.15,0.049,36.781,5.05,0.754,0,11.926,9.988,11.531,0.711,0.547,1.331
2017,2,8,1.926,7.297,11.656,0.819,3.301,2.238,0.104,0,8.039,1.428,1.257,2.605,0.679,7.686
2017,3,7,1.718,20.173,27.416,2.132,3.508,6.471,3.183,0,6.943,47.764,4.92,2.148,0,0.765
2017,3,28,0.112,2.407,34.529,0,38.744,1.564,0.544,0,7.644,18.243,2.17,0.745,0.424,5.726
2017,4,17,0.631,7.394,4.101,0.596,2.172,3.517,0.157,0,17.57,15.084,2.433,0.459,1.893,0.906
2017,5,2,0.141,4.89,3.345,0,9.45,0.714,4.643,0,775.706,365.183,15.359,2.736,0,0
2017,6,29,0.874,7.833,2.677,0.584,1.954,6.32,1.044,0,4872.489,338.372,30.307,2.602,2.224,16.536
2017,7,19,1.36,17.293,28.328,0,8.71,24.597,1.135,0,1662.821,138.462,24.493,4.605,3.911,67.231
2017,8,10,3.139,13.53,1.875,1.067,8.253,6.092,0.669,0,104.933,9.736,17.391,2.048,0.523,8.693
2017,8,31,8.366,14.038,0,0.071,37.397,6.579,0,0,10.183,0.016,11.36,4.696,0.572,38.647
2017,11,1,2.006,15.352,9.177,0.593,287.282,10.678,2.429,0,37.369,44.952,34.835,0,0,33.483
2017,12,6,1.977,9.614,5.681,0,243.297,9.733,0.259,0,111.293,134.092,28.629,3.615,0.535,26.861
2018,1,16,2.158,10.998,6.266,0.2,295,13.563,2.689,0,8.535,46.968,7.391,9.887,0,274.443
2018,2,8,2.162,19.791,1.42,0,27.104,1.668,0.311,0,2.597,4.591,2.082,2.233,0,13.537
2018,3,1,1.244,11.506,5.113,1.325,14.096,7.283,0.716,0,85.819,172.748,34.769,2.321,0.37,94.453
2018,3,22,1.84,12.09,7.207,0,4.694,5.173,0.12,0,1.334,15.6,13.757,2.642,0,166.271
2018,7,10,1.384,13.022,2.615,0.735,379.357,4.258,1.099,0,123.303,560.97,106.722,2.236,0.61,114.027
2018,8,1,1.649,14.727,4.502,0.537,26.362,0.945,0.039,0,6.995,4.954,8.943,0.189,0,10.664
2018,8,20,1.313,8.41,1.163,0.133,359.12,0.384,0,0,0.604,2.61,80.832,11.273,0,7.112
2018,9,6,6.658,4.167,1.81,0,115.839,0.461,0,0,1.859,1.025,37.292,0.874,0,7.552
2018,10,11,3.573,9.572,5.889,0.01,113.932,1.462,0.488,0,0.794,0.124,23.133,0.266,0,8.438
2018,11,6,3.079,7.13,0.558,0,12.966,0.23,0.088,0,8.869,22.159,6.848,0.183,0,32.779
